dataset_name,container_size,dist_gurobi,dist_drl,time_gurobi,time_drl
3l_cvrp01_E016-03m,100x70x70,251.27347483560112,325.64203776552006,940.1330001354218,1.4519085884094238
3l_cvrp03_E021-04m,100x70x70,285.1463962530485,332.01892670348457,935.2669999599457,1.5966861248016357
3l_cvrp05_E022-04g,150x70x70,718.9921697308171,818.4016832039297,1290.587000131607,1.7763869762420654
